"Region","2.5%","5%","50%","95%","97.5%","mean","SE"
"Global",-4.57998313890502,-4.27753713071599,-2.56708600826197,-0.637771543033494,-0.220138769573042,-2.53942169022183,1.15757203603255
