"Region","2.5%","5%","50%","95%","97.5%","mean","SE"
"Global",-3.18240426275525,-2.82834405036529,-0.840942814401757,1.35319973645884,1.85933796078857,-0.81347469241394,1.3026858773473
