"Region","2.5%","5%","50%","95%","97.5%","mean","SE"
"Global",-4.34664330910425,-3.97459457994934,-2.20936134518742,-0.24707425976811,0.146482826824701,-2.18105994971343,1.17668134199689
