"Region","Prob_Decline","Prob_30percent_Decline","Prob_50percent_Decline","2.5%","5%","50%","95%","97.5%","mean","SE"
"Bell-Amundsen",0.5207,0.0387333333333333,0.000333333333333333,-32.8568872828316,-28.463219243986,-1.0574778925885,42.2748707636835,54.0508364153053,2.11348698447804,23.0634223337634
"Indian",0.9291,0.558366666666667,0.120866666666667,-60.0375579026387,-56.2366187621311,-32.5986005137779,5.50572658074019,16.1137612631295,-29.9061574334786,19.6314075258749
"Pacific",0.687333333333333,0.244,0.0294333333333333,-51.0488960372292,-46.4985439909284,-14.2103972904561,52.437361549819,77.1011059161945,-7.54621159272422,34.0612560650999
"Ross",0.565833333333333,0.0737,0.00196666666666667,-37.9072830723765,-32.9268202843844,-3.66900389395308,41.7941500777824,54.2170864126388,-0.633158033520251,23.7231946297488
"Weddell",0.8001,0.0337,6.66666666666667e-05,-31.4059047453518,-28.1979548797932,-10.5584616767912,11.6614375797385,16.3831193286811,-9.69384571387543,12.1706605991857
