"Region","Prob_Decline","Prob_30percent_Decline","Prob_50percent_Decline","2.5%","5%","50%","95%","97.5%","mean","SE"
"Amundsen Sea",0.562966666666667,0.199533333333333,0.0492333333333333,-57.7282713411047,-49.8282452786473,-5.27512733152222,76.4385517363914,103.307009627475,1.93392125638818,41.8357545857671
"Australia",0.752,0.5181,0.281533333333333,-80.6588690829593,-73.8821927452128,-31.6032952347482,79.5012492179741,120.782557300014,-18.6023383403312,53.9848459528427
"Bellingshausen Sea",0.269766666666667,0.0114,3.33333333333333e-05,-24.9651244148095,-19.6145239709449,13.3786321501694,62.2529252469339,74.2950900408285,16.3709965647578,25.3092014119673
"Dronning Maud Land",0.244266666666667,0.00966666666666667,0.000166666666666667,-23.3871178493417,-18.1240660540147,15.4515288105002,61.6189601696504,72.3890469227062,17.6520745525343,24.6758445073146
"East Indian Ocean",0.944133333333333,0.8266,0.5759,-77.0400254387974,-74.5048113086268,-53.8090070243781,3.62359712602337,25.7879246940893,-46.4693920998445,32.0124417342906
"Victoria Oates Land",0.452233333333333,0.0201666666666667,2e-04,-28.7687819792237,-24.2970723158136,2.13733812438119,36.4464028242217,44.2351647991855,3.62226634033061,18.632979702073
"Weddell Sea",0.897066666666667,0.244766666666667,0.00633333333333333,-44.4625670621195,-41.0995359195956,-20.6246912763326,7.63935523941852,14.3249451756543,-19.1809185508178,15.1308969083949
"West Indian Ocean",0.885166666666667,0.517633333333333,0.134633333333333,-63.0636106680935,-58.1192708997555,-31.0281348954792,16.3591669169381,30.5283674486402,-27.1512105461549,24.0334692392572
