"Region","2.5%","5%","50%","95%","97.5%","mean","prob_negative","SE"
"Amundsen Sea",-0.0850714443230356,-0.0734297380421945,-0.0156530155728617,0.047458653169548,0.061091660000905,-0.0147219584308155,0.6687,0.0369014173274465
"Australia",-0.143078714399964,-0.126779311762991,-0.0361577208647012,0.0705100821841911,0.0931216258490987,-0.0338143815634252,0.726033333333333,0.0602391452451569
"Bellingshausen Sea",-0.0231030113685294,-0.0161098660203165,0.0196528520833555,0.0561584099092699,0.0636791630104402,0.019688245767839,0.182233333333333,0.0220766052233547
"Dronning Maud Land",-0.0178589973203669,-0.0110062087933928,0.023483628081978,0.0576513673951903,0.0643906728044861,0.0233708227726877,0.1308,0.0209464170061293
"East Indian Ocean",-0.153437110639731,-0.142838855200401,-0.0840122166248156,0.00381825848313156,0.0290395493483815,-0.0787464198812814,0.9447,0.045700788111937
"Victoria Oates Land",-0.0395865539286109,-0.0338015687785586,-0.00376710310896072,0.0271356984955546,0.0334789992793199,-0.00366545008253557,0.583066666666667,0.0185457354859792
"Weddell Sea",-0.075068692221935,-0.0694755085433559,-0.038852284945805,-0.00684843854375473,-0.000272166016164482,-0.0386329384559949,0.975566666666667,0.019143678146167
"West Indian Ocean",-0.0741928152086833,-0.0652120098604007,-0.0173654749223915,0.0365998453500911,0.0481700428322426,-0.0162575187146884,0.7119,0.0312412690764418
