"Region","2.5%","5%","50%","95%","97.5%","mean","prob_negative","SE"
"Global",-0.0337230120462063,-0.0305489419899543,-0.0130833635861732,0.00608112928631512,0.0104136294480639,-0.0127406755711165,0.874733333333333,0.0112020469864596
