"Region","2.5%","5%","50%","95%","97.5%","mean","prob_negative","SE"
"Global",-0.0336530172862318,-0.0305712385596014,-0.0130411150391727,0.00630836978307379,0.0102210960220226,-0.0127015290832628,0.872033333333333,0.0112601809768055
