"Region","Prob_Decline","Prob_30percent_Decline","Prob_50percent_Decline","2.5%","5%","50%","95%","97.5%","mean","SE"
"Global",0.814866666666667,0.00783333333333333,0,-26.6607604798428,-24.0349404261748,-9.54784552307295,9.6884569559415,14.5110226740101,-8.66725403197803,10.4568717546201
