"Region","Prob_Decline","Prob_30percent_Decline","Prob_50percent_Decline","2.5%","5%","50%","95%","97.5%","mean","SE"
"Global",0.8142,0.00816666666666667,0,-26.516293876094,-23.9846506245896,-9.51659502442219,9.60561806442861,14.1532115408397,-8.63506270736375,10.4190327675651
